Temperature,Humidity,WindSpeed,CO2,Date,City
28.326082825660706,56.90465569496155,12.715074717998503,424.9014574289322,2025-01-01,New Delhi
28.249879479408264,56.83916091918945,12.734554708003996,424.903561770916,2025-02-01,New Delhi
28.22771191596985,56.9629967212677,12.815436720848082,424.8932835459709,2025-03-01,New Delhi
28.19313555955887,57.0902681350708,12.850095331668852,424.8730129003525,2025-04-01,New Delhi
28.21987807750702,57.15030789375305,12.923426032066343,424.87694680690765,2025-05-01,New Delhi
28.20558726787567,57.12521314620972,12.932088673114775,424.87865537405014,2025-06-01,New Delhi
28.205648064613342,57.24544048309326,13.011375665664671,424.88747239112854,2025-07-01,New Delhi
28.185643255710602,57.29124069213867,13.021955192089079,424.8850789666176,2025-08-01,New Delhi
28.146774470806122,57.202439308166504,12.99999952316284,424.8955750465393,2025-09-01,New Delhi
28.202053904533386,57.284425497055054,13.011842370033262,424.8801863193512,2025-10-01,New Delhi
28.12650591135025,57.27607011795044,12.968922555446623,424.8740077018738,2025-11-01,New Delhi
28.130246698856354,57.33827471733093,12.961336374282835,424.85959112644196,2025-12-01,New Delhi
28.149274289608,57.29246497154236,12.88377672433853,424.83361542224884,2026-01-01,New Delhi
28.15447688102722,57.29788899421692,12.883500456809996,424.8303157091141,2026-02-01,New Delhi
28.15870851278305,57.305041551589966,12.88312494754791,424.82598900794983,2026-03-01,New Delhi
28.1612566113472,57.311298847198486,12.88261979818344,424.8217210173607,2026-04-01,New Delhi
28.162772059440613,57.31659293174744,12.88213789463043,424.8180043697357,2026-05-01,New Delhi
28.163354098796844,57.32174754142761,12.88142532110214,424.81372088193893,2026-06-01,New Delhi
28.163829743862152,57.32757210731506,12.88059204816818,424.80889081954956,2026-07-01,New Delhi
28.163278102874756,57.33295559883118,12.878968417644499,424.80339884757996,2026-08-01,New Delhi
28.162564635276794,57.33826160430908,12.876971960067747,424.7977691888809,2026-09-01,New Delhi
28.162291049957275,57.344956398010254,12.874623239040373,424.791199862957,2026-10-01,New Delhi
28.16183775663376,57.35014796257019,12.872400581836699,424.78553116321564,2026-11-01,New Delhi
28.161747455596924,57.35591530799866,12.86989092826843,424.77975100278854,2026-12-01,New Delhi
28.161631226539612,57.360825538635254,12.86740720272064,424.77458357810974,2027-01-01,New Delhi
28.16241353750229,57.365344762802124,12.86572992801666,424.7705206274986,2027-02-01,New Delhi
28.163166344165802,57.36986756324768,12.864053547382353,424.7663336992264,2027-03-01,New Delhi
28.16388338804245,57.37432599067688,12.86240130662918,424.76211845874786,2027-04-01,New Delhi
28.16456377506256,57.37872838973999,12.860770523548124,424.75789576768875,2027-05-01,New Delhi
28.165200352668762,57.38309144973755,12.859144210815428,424.75365579128265,2027-06-01,New Delhi
28.16579580307007,57.387391328811646,12.857525944709776,424.7494474053383,2027-07-01,New Delhi
28.166353702545166,57.391605377197266,12.855930030345915,424.74531441926956,2027-08-01,New Delhi
28.1668820977211,57.39571809768677,12.854377925395964,424.7412955760956,2027-09-01,New Delhi
28.167388141155243,57.399723529815674,12.85286247730255,424.7374004125595,2027-10-01,New Delhi
28.167877197265625,57.40357756614685,12.851418554782866,424.7336819767952,2027-11-01,New Delhi
28.16835641860962,57.4073326587677,12.850022017955778,424.73008692264557,2027-12-01,New Delhi
28.168824911117554,57.41096377372742,12.848680913448332,424.7266221046448,2028-01-01,New Delhi
28.16928893327713,57.414501905441284,12.847381830215452,424.7232559323311,2028-02-01,New Delhi
28.169739544391632,57.417975664138794,12.846104204654692,424.719934463501,2028-03-01,New Delhi
28.17017674446106,57.421369552612305,12.844852507114409,424.71667528152466,2028-04-01,New Delhi
28.170600533485413,57.42468237876892,12.843625843524931,424.7134858369827,2028-05-01,New Delhi
28.17101001739502,57.42790699005127,12.84243047237396,424.71037209033966,2028-06-01,New Delhi
28.171408772468567,57.431050539016724,12.841267287731169,424.7073397040367,2028-07-01,New Delhi
28.171796798706055,57.43410587310791,12.840136289596556,424.70439016819,2028-08-01,New Delhi
28.17217320203781,57.4370801448822,12.839038372039793,424.70152139663696,2028-09-01,New Delhi
28.17254066467285,57.43997573852539,12.837969064712523,424.6987310051918,2028-10-01,New Delhi
28.17289650440216,57.44279623031616,12.836934626102446,424.69601422548294,2028-11-01,New Delhi
28.173245191574097,57.44554281234741,12.835923433303831,424.6933650970459,2028-12-01,New Delhi
28.173583149909973,57.448216676712036,12.834940850734709,424.6907803416252,2029-01-01,New Delhi
28.17391127347946,57.450828552246094,12.833979725837706,424.688256084919,2029-02-01,New Delhi
28.174231350421906,57.453376054763794,12.83304452896118,424.68579202890396,2029-03-01,New Delhi
28.17454159259796,57.45585799217224,12.83212900161743,424.6833869814873,2029-04-01,New Delhi
28.174843788146973,57.45827555656433,12.831240296363829,424.68104243278503,2029-05-01,New Delhi
28.175137042999268,57.46063590049744,12.830373048782347,424.6787557005882,2029-06-01,New Delhi
28.17542403936386,57.462934255599976,12.829526364803312,424.6765273809433,2029-07-01,New Delhi
28.17570209503174,57.46517062187195,12.828703820705412,424.6743541955948,2029-08-01,New Delhi
28.17597210407257,57.467358112335205,12.82790184020996,424.6722349524498,2029-09-01,New Delhi
28.176237642765045,57.469483613967896,12.827122211456297,424.670167863369,2029-10-01,New Delhi
28.17649334669113,57.47156023979187,12.826360464096068,424.668151140213,2029-11-01,New Delhi
28.176742792129517,57.47358322143555,12.825615704059599,424.6661823987961,2029-12-01,New Delhi
28.176986873149872,57.4755585193634,12.82489240169525,424.66426134109497,2030-01-01,New Delhi
28.177222907543182,57.47748136520386,12.824182510375975,424.66238647699356,2030-02-01,New Delhi
28.177454471588135,57.47936010360718,12.82349497079849,424.6605581045151,2030-03-01,New Delhi
28.177680671215057,57.48119354248047,12.822823524475096,424.6587735414505,2030-04-01,New Delhi
28.177897930145264,57.48297691345215,12.822169065475462,424.65703189373016,2030-05-01,New Delhi
28.178111612796783,57.48471975326538,12.821527123451231,424.65533286333084,2030-06-01,New Delhi
28.17831814289093,57.486417293548584,12.820903062820433,424.6536737680435,2030-07-01,New Delhi
28.17852109670639,57.488073110580444,12.82029867172241,424.65205669403076,2030-08-01,New Delhi
28.17871868610382,57.48969316482544,12.819705903530119,424.6504771709442,2030-09-01,New Delhi
28.17891091108322,57.49127149581909,12.81912565231323,424.6489357948303,2030-10-01,New Delhi
28.179097771644592,57.49281048774719,12.81856060028076,424.64743077754974,2030-11-01,New Delhi
28.179280161857605,57.49431371688843,12.818011641502379,424.6459627151489,2030-12-01,New Delhi
28.17945897579193,57.49577879905701,12.817474305629728,424.6445295214653,2031-01-01,New Delhi
28.179630637168884,57.497206926345825,12.816950380802153,424.6431303024292,2031-02-01,New Delhi
28.17979872226715,57.498602867126465,12.816438078880308,424.6417635679245,2031-03-01,New Delhi
28.179964125156403,57.49996542930603,12.815941870212553,424.6404305100441,2031-04-01,New Delhi
28.180125951766968,57.501293420791626,12.8154519200325,424.639128446579,2031-05-01,New Delhi
28.18028151988983,57.502591609954834,12.814977169036863,424.63785767555237,2031-06-01,New Delhi
28.180432617664337,57.50385284423828,12.81451493501663,424.63661700487137,2031-07-01,New Delhi
28.18058282136917,57.50509262084961,12.814061641693113,424.635406434536,2031-08-01,New Delhi
28.180725872516632,57.50629544258118,12.813619971275328,424.6342232823372,2031-09-01,New Delhi
28.18086802959442,57.50747323036194,12.813189923763273,424.6330690383911,2031-10-01,New Delhi
28.181005716323853,57.50862240791321,12.812770605087278,424.6319416165352,2031-11-01,New Delhi
28.181139826774597,57.5097393989563,12.812359333038328,424.6308407187462,2031-12-01,New Delhi
28.181270360946655,57.51083731651306,12.811960577964781,424.62976574897766,2032-01-01,New Delhi
28.18140000104904,57.51190662384033,12.811567187309263,424.62871700525284,2032-02-01,New Delhi
28.181521594524384,57.5129508972168,12.811186313629149,424.6276918053627,2032-03-01,New Delhi
28.18164587020874,57.513967752456665,12.810813486576079,424.6266910433769,2032-04-01,New Delhi
28.181763887405396,57.51496076583862,12.810450494289396,424.62571412324905,2032-05-01,New Delhi
28.181879222393036,57.51593351364136,12.81009644269943,424.6247601509094,2032-06-01,New Delhi
28.181990087032318,57.516878843307495,12.809746861457823,424.62382793426514,2032-07-01,New Delhi
28.1821009516716,57.517802715301514,12.80941069126129,424.62291836738586,2032-08-01,New Delhi
28.182209134101868,57.51870632171631,12.809079885482786,424.6220290660858,2032-09-01,New Delhi
28.18231374025345,57.519588470458984,12.808758020401,424.62116181850433,2032-10-01,New Delhi
28.182414770126343,57.52044677734375,12.808442413806914,424.6203127503395,2032-11-01,New Delhi
28.182515799999237,57.521291971206665,12.808135747909544,424.61948573589325,2032-12-01,New Delhi
28.182612359523773,57.52210974693298,12.807835340499876,424.61867690086365,2033-01-01,New Delhi
28.182708024978638,57.522910833358765,12.807542085647581,424.61788684129715,2033-02-01,New Delhi
28.182800114154816,57.5236976146698,12.80725598335266,424.617115855217,2033-03-01,New Delhi
28.182891309261322,57.524460554122925,12.80697703361511,424.61636275053024,2033-04-01,New Delhi
28.18297803401947,57.52520561218262,12.806704342365263,424.6156269311905,2033-05-01,New Delhi
28.18306475877762,57.52593517303467,12.806437909603117,424.6149080991745,2033-06-01,New Delhi
28.18314790725708,57.526644468307495,12.806178629398344,424.6142056584358,2033-07-01,New Delhi
28.18323016166687,57.52734303474426,12.80592381954193,424.6135199069977,2033-08-01,New Delhi
28.183310627937317,57.5280237197876,12.805674374103544,424.6128508448601,2033-09-01,New Delhi
28.18338930606842,57.52868413925171,12.805432081222532,424.61219638586044,2033-10-01,New Delhi
28.18346530199051,57.529332637786865,12.805196046829222,424.6115577220917,2033-11-01,New Delhi
28.183538615703583,57.529964447021484,12.804965376853941,424.6109327673912,2033-12-01,New Delhi
28.183611929416656,57.53058075904846,12.804739177227018,424.61032301187515,2034-01-01,New Delhi
28.183683454990387,57.531187534332275,12.804519236087797,424.6097269654274,2034-02-01,New Delhi
28.183752298355103,57.531774044036865,12.804302871227263,424.60914462804794,2034-03-01,New Delhi
28.18381756544113,57.53235220909119,12.804094552993773,424.60857629776,2034-04-01,New Delhi
28.183885514736176,57.532912492752075,12.803888916969298,424.6080210804939,2034-05-01,New Delhi
28.183951675891876,57.5334632396698,12.803688645362852,424.60747838020325,2034-06-01,New Delhi
28.18401336669922,57.53399848937988,12.803491055965422,424.6069484949112,2034-07-01,New Delhi
28.18407416343689,57.5345242023468,12.803300619125364,424.6064308285713,2034-08-01,New Delhi
28.18413406610489,57.53503203392029,12.80311197042465,424.6059250831604,2034-09-01,New Delhi
28.184193968772888,57.53553509712219,12.802931368350981,424.6054309606552,2034-10-01,New Delhi
28.1842502951622,57.536022663116455,12.802753448486326,424.6049478650093,2034-11-01,New Delhi
28.184305727481842,57.53649950027466,12.802577316761015,424.60447520017624,2034-12-01,New Delhi
28.18435937166214,57.5369656085968,12.802407443523405,424.6040153503418,2035-01-01,New Delhi
28.18441480398178,57.53742218017578,12.802241146564482,424.6035647392273,2035-02-01,New Delhi
28.184465765953064,57.537866830825806,12.802078425884245,424.60312485694885,2035-03-01,New Delhi
28.184515833854675,57.53830075263977,12.80192196369171,424.6026948094368,2035-04-01,New Delhi
28.184565901756287,57.53872632980347,12.801767289638518,424.6022754907608,2035-05-01,New Delhi
28.184614181518555,57.53913998603821,12.801613509654997,424.6018645167351,2035-06-01,New Delhi
28.18466156721115,57.539546489715576,12.801467776298521,424.6014639735222,2035-07-01,New Delhi
28.184707164764404,57.53994107246399,12.801322937011717,424.6010720729828,2035-08-01,New Delhi
28.184752762317657,57.54032850265503,12.801180779933928,424.60068970918655,2035-09-01,New Delhi
28.184795677661896,57.540706396102905,12.801043093204497,424.6003156900406,2035-10-01,New Delhi
28.184838593006134,57.54107594490051,12.80090808868408,424.5999500155449,2035-11-01,New Delhi
28.184882402420044,57.54143714904785,12.80077666044235,424.5995929837227,2035-12-01,New Delhi
28.184921741485596,57.54178762435913,12.800647914409636,424.5992437005043,2036-01-01,New Delhi
28.18496197462082,57.54213213920593,12.800523638725279,424.5989039540291,2036-02-01,New Delhi
28.185002207756042,57.542468309402466,12.800399363040922,424.59857016801834,2036-03-01,New Delhi
28.18503975868225,57.542797327041626,12.800279557704924,424.59824472665787,2036-04-01,New Delhi
28.18507730960846,57.54311680793762,12.800164222717283,424.597926735878,2036-05-01,New Delhi
28.185113966464996,57.543431520462036,12.800049781799315,424.5976173877716,2036-06-01,New Delhi
28.18514972925186,57.54373788833618,12.79993712902069,424.59731310606,2036-07-01,New Delhi
28.185183703899384,57.54403591156006,12.799828946590422,424.59701627492905,2036-08-01,New Delhi
28.185217678546906,57.54432678222656,12.799722552299498,424.59672659635544,2036-09-01,New Delhi
28.185251653194427,57.54461884498596,12.799617052078245,424.59644317626953,2036-10-01,New Delhi
28.185283839702606,57.544894218444824,12.799514234066008,424.59616631269455,2036-11-01,New Delhi
28.18531423807144,57.545167207717896,12.799415886402128,424.5958963036537,2036-12-01,New Delhi
28.18534642457962,57.54543662071228,12.799317538738249,424.5956313610077,2037-01-01,New Delhi
28.185375928878784,57.54569411277771,12.799223661422728,424.59537357091904,2037-02-01,New Delhi
28.185405433177948,57.54594922065735,12.79913157224655,424.5951208472252,2037-03-01,New Delhi
28.18543404340744,57.546197175979614,12.7990385890007,424.59487438201904,2037-04-01,New Delhi
28.185464441776276,57.54644274711609,12.79895097017288,424.5946332812309,2037-05-01,New Delhi
28.185491263866425,57.546679973602295,12.798865139484404,424.5943993330002,2037-06-01,New Delhi
28.18551629781723,57.54691123962402,12.798779308795927,424.5941686630249,2037-07-01,New Delhi
28.18554401397705,57.54713773727417,12.798696160316466,424.5939430594444,2037-08-01,New Delhi
28.185568153858185,57.54736065864563,12.798615694046019,424.59372341632843,2037-09-01,New Delhi
28.185594975948334,57.54757642745972,12.798537015914915,424.59350883960724,2037-10-01,New Delhi
28.185618221759796,57.54778861999512,12.798458337783812,424.59329903125763,2037-11-01,New Delhi
28.18564236164093,57.54799485206604,12.798385024070738,424.5930939912796,2037-12-01,New Delhi
28.185666501522064,57.54819869995117,12.798311710357664,424.59289342164993,2038-01-01,New Delhi
28.185689747333527,57.548394203186035,12.79823839664459,424.59269762039185,2038-02-01,New Delhi
28.185711205005646,57.54858732223511,12.798167765140532,424.59250688552856,2038-03-01,New Delhi
28.185732662677765,57.5487756729126,12.798098921775816,424.5923191308975,2038-04-01,New Delhi
28.185754120349884,57.548959255218506,12.798031866550444,424.59213703870773,2038-05-01,New Delhi
28.185775578022003,57.54914045333862,12.797966599464415,424.59195733070374,2038-06-01,New Delhi
28.185794353485107,57.54931449890137,12.797903120517729,424.59178298711777,2038-07-01,New Delhi
28.185814917087555,57.54948973655701,12.797840535640715,424.59161281585693,2038-08-01,New Delhi
28.18583458662033,57.54965305328369,12.797778844833372,424.591446518898,2038-09-01,New Delhi
28.185853362083435,57.54981994628906,12.797718048095701,424.5912832021713,2038-10-01,New Delhi
28.18587213754654,57.549980878829956,12.797659933567045,424.59112375974655,2038-11-01,New Delhi
28.185890018939972,57.55013704299927,12.797600924968718,424.5909681916237,2038-12-01,New Delhi
28.185907006263733,57.550288438797,12.797548174858091,424.5908161997795,2039-01-01,New Delhi
28.185924887657166,57.55044102668762,12.79749274253845,424.59066808223724,2039-02-01,New Delhi
28.185941874980927,57.55058765411377,12.797438204288481,424.5905229449272,2039-03-01,New Delhi
28.185957968235016,57.550731897354126,12.797387242317198,424.5903807878494,2039-04-01,New Delhi
28.185974955558777,57.55086898803711,12.797336280345915,424.5902416110039,2039-05-01,New Delhi
28.185990154743195,57.55100607872009,12.797286212444304,424.59010660648346,2039-06-01,New Delhi
28.186007142066956,57.55113959312439,12.797237932682036,424.58997398614883,2039-07-01,New Delhi
28.1860214471817,57.55126953125,12.797189652919768,424.5898446440697,2039-08-01,New Delhi
28.186035752296448,57.551395893096924,12.797144055366514,424.5897179841995,2039-09-01,New Delhi
28.186050057411194,57.55152463912964,12.797099351882933,424.58959490060806,2039-10-01,New Delhi
28.18606346845627,57.5516414642334,12.797052860260008,424.58947390317917,2039-11-01,New Delhi
28.186077773571014,57.55176305770874,12.79700994491577,424.5893555879593,2039-12-01,New Delhi
28.18609118461609,57.5518798828125,12.796967923641203,424.5892399549484,2040-01-01,New Delhi
28.18610370159149,57.55199193954468,12.796926796436308,424.589127600193,2040-02-01,New Delhi
28.186117112636566,57.552103996276855,12.796885669231413,424.58901703357697,2040-03-01,New Delhi
28.186131417751312,57.55221247673035,12.796846330165861,424.5889088511467,2040-04-01,New Delhi
28.1861412525177,57.55231857299805,12.796807885169981,424.5888039469719,2040-05-01,New Delhi
28.186153769493103,57.55242466926575,12.796769440174101,424.58870083093643,2040-06-01,New Delhi
28.186165392398834,57.55252242088318,12.796732783317564,424.58860099315643,2040-07-01,New Delhi
28.186177015304565,57.552621364593506,12.796694338321684,424.5885017514229,2040-08-01,New Delhi
28.186186850070953,57.552722692489624,12.796660363674162,424.58840638399124,2040-09-01,New Delhi
28.186199367046356,57.55281329154968,12.796628177165983,424.5883113145828,2040-10-01,New Delhi
28.186210095882416,57.552902698516846,12.796594202518461,424.5882201194763,2040-11-01,New Delhi
28.186219930648804,57.55299687385559,12.79656022787094,424.58813071250916,2040-12-01,New Delhi
28.186230659484863,57.55308389663696,12.79652804136276,424.58804309368134,2041-01-01,New Delhi
28.18623960018158,57.55317211151123,12.796497642993925,424.58795726299286,2041-02-01,New Delhi
28.186248540878296,57.553255558013916,12.796466350555418,424.5878741145134,2041-03-01,New Delhi
28.186259269714355,57.5533390045166,12.796435952186583,424.5877918601036,2041-04-01,New Delhi
28.186269104480743,57.553420066833496,12.79640734195709,424.5877116918564,2041-05-01,New Delhi
28.18627893924713,57.553497552871704,12.796378731727598,424.5876345038414,2041-06-01,New Delhi
28.186286091804504,57.553571462631226,12.79635190963745,424.58755761384964,2041-07-01,New Delhi
28.18629413843155,57.55364656448364,12.796324193477629,424.58748281002045,2041-08-01,New Delhi
28.18630486726761,57.55372166633606,12.796295583248137,424.5874097943306,2041-09-01,New Delhi
28.18631023168564,57.55379319190979,12.79626965522766,424.58733797073364,2041-10-01,New Delhi
28.186320066452026,57.553865909576416,12.79624283313751,424.5872685313225,2041-11-01,New Delhi
28.1863272190094,57.55393385887146,12.796219587326048,424.58720088005066,2041-12-01,New Delhi
28.186336159706116,57.5540030002594,12.796196341514586,424.58713442087173,2042-01-01,New Delhi
28.186342418193817,57.55406618118286,12.79617130756378,424.58706855773926,2042-02-01,New Delhi
28.186351358890533,57.55413293838501,12.796145379543303,424.5870053768158,2042-03-01,New Delhi
28.186357617378235,57.55419373512268,12.796123921871184,424.586943089962,2042-04-01,New Delhi
28.186363875865936,57.554250955581665,12.796103358268736,424.58688259124756,2042-05-01,New Delhi
28.18637192249298,57.55431413650513,12.796081900596617,424.586823284626,2042-06-01,New Delhi
28.186378180980682,57.55437135696411,12.796058654785154,424.5867648720741,2042-07-01,New Delhi
28.186384439468384,57.55442976951599,12.796038091182707,424.5867085456848,2042-08-01,New Delhi
28.186391592025757,57.554486989974976,12.796018421649931,424.58665281534195,2042-09-01,New Delhi
28.18639785051346,57.55453824996948,12.795998752117155,424.5865985751152,2042-10-01,New Delhi
28.18640410900116,57.554593086242676,12.795978188514708,424.5865458250046,2042-11-01,New Delhi
28.18640947341919,57.55464434623718,12.795960307121275,424.5864936709404,2042-12-01,New Delhi
28.18641483783722,57.554696798324585,12.79594153165817,424.5864436030388,2043-01-01,New Delhi
28.18642109632492,57.5547456741333,12.79592454433441,424.5863935351372,2043-02-01,New Delhi
28.186427354812622,57.55479454994202,12.795906662940977,424.58634585142136,2043-03-01,New Delhi
28.18643182516098,57.55484223365784,12.795888781547545,424.586298763752,2043-04-01,New Delhi
28.18643718957901,57.55489110946655,12.795870900154112,424.58625197410583,2043-05-01,New Delhi
28.18644255399704,57.55493402481079,12.795854806900023,424.58620697259903,2043-06-01,New Delhi
28.18644791841507,57.554978132247925,12.795839607715605,424.5861631631851,2043-07-01,New Delhi
28.1864532828331,57.555023431777954,12.795824408531187,424.5861205458641,2043-08-01,New Delhi
28.18645864725113,57.5550639629364,12.795806527137755,424.5860782265663,2043-09-01,New Delhi
28.186463117599487,57.555105686187744,12.79579311609268,424.5860368013382,2043-10-01,New Delhi
28.186466693878174,57.555145025253296,12.79577702283859,424.585996568203,2043-11-01,New Delhi
28.186472952365875,57.55518555641174,12.795763611793516,424.5859572291374,2043-12-01,New Delhi
28.186478316783905,57.55522608757019,12.795748412609099,424.58591908216476,2044-01-01,New Delhi
28.18648099899292,57.55526542663574,12.795735001564024,424.58588123321533,2044-02-01,New Delhi
28.186485469341278,57.55529999732971,12.795720696449278,424.58584427833557,2044-03-01,New Delhi
28.186488151550293,57.55533576011658,12.795709967613218,424.58580881357193,2044-04-01,New Delhi
28.186493515968323,57.555367946624756,12.795695662498472,424.5857736468315,2044-05-01,New Delhi
28.18649709224701,57.55540370941162,12.795684039592741,424.585739672184,2044-06-01,New Delhi
28.186500668525696,57.55543828010559,12.795670628547667,424.5857062935829,2044-07-01,New Delhi
28.186505138874054,57.555469274520874,12.795658111572264,424.5856723189354,2044-08-01,New Delhi
28.18650782108307,57.55550265312195,12.795647382736204,424.58564072847366,2044-09-01,New Delhi
28.186511397361755,57.55553364753723,12.795636653900145,424.58560943603516,2044-10-01,New Delhi
28.186514973640442,57.55556583404541,12.79562324285507,424.58557933568954,2044-11-01,New Delhi
28.186517655849457,57.5555944442749,12.795611619949339,424.58554923534393,2044-12-01,New Delhi
28.186521232128143,57.55562782287598,12.795602679252623,424.5855203270912,2045-01-01,New Delhi
28.1865257024765,57.55565404891968,12.795593738555906,424.5854914188385,2045-02-01,New Delhi
28.186528384685516,57.55568265914917,12.795583009719847,424.5854642987251,2045-03-01,New Delhi
28.186531960964203,57.55570650100708,12.795571386814116,424.58543598651886,2045-04-01,New Delhi
28.18653553724289,57.55573391914368,12.795560657978056,424.58540946245193,2045-05-01,New Delhi
28.186537325382233,57.55575895309448,12.79555171728134,424.58538353443146,2045-06-01,New Delhi
28.18654090166092,57.55578875541687,12.795543670654295,424.5853579044342,2045-07-01,New Delhi
28.186544477939606,57.55581498146057,12.795534729957579,424.5853340625763,2045-08-01,New Delhi
28.18654716014862,57.555837631225586,12.795525789260862,424.5853090286255,2045-09-01,New Delhi
28.186550736427307,57.55586266517639,12.795515060424803,424.58528488874435,2045-10-01,New Delhi
28.186550736427307,57.555882930755615,12.795506119728087,424.5852619409561,2045-11-01,New Delhi
28.186554312705994,57.55590796470642,12.795498967170714,424.5852389931679,2045-12-01,New Delhi
28.18655699491501,57.55592942237854,12.795490026473997,424.58521723747253,2046-01-01,New Delhi
28.186559677124023,57.55595088005066,12.795483767986296,424.58519518375397,2046-02-01,New Delhi
28.186561465263367,57.55597233772278,12.795476615428923,424.5851746201515,2046-03-01,New Delhi
28.186565041542053,57.555991411209106,12.795468568801878,424.5851531624794,2046-04-01,New Delhi
28.186567723751068,57.55601644515991,12.795462310314177,424.5851334929466,2046-05-01,New Delhi
28.18656951189041,57.55603313446045,12.795452475547789,424.58511263132095,2046-06-01,New Delhi
28.186570405960083,57.55605340003967,12.795447111129759,424.5850944519043,2046-07-01,New Delhi
28.186573088169098,57.55607008934021,12.795439064502714,424.58507508039474,2046-08-01,New Delhi
28.186575770378113,57.556090354919434,12.795431911945341,424.5850571990013,2046-09-01,New Delhi
28.186577558517456,57.55610942840576,12.795424759387968,424.58503872156143,2046-10-01,New Delhi
28.1865793466568,57.5561261177063,12.79542028903961,424.585020840168,2046-11-01,New Delhi
28.186581134796143,57.55614638328552,12.795413136482237,424.58500385284424,2046-12-01,New Delhi
28.186583817005157,57.55616307258606,12.795407772064207,424.5849871635437,2047-01-01,New Delhi
28.18658471107483,57.55617618560791,12.795400619506834,424.58497047424316,2047-02-01,New Delhi
28.186587393283844,57.55619525909424,12.795396149158476,424.58495408296585,2047-03-01,New Delhi
28.18659007549286,57.55621314048767,12.795389890670775,424.584938287735,2047-04-01,New Delhi
28.18659007549286,57.55622744560242,12.795384526252745,424.5849233865738,2047-05-01,New Delhi
28.186592757701874,57.556244134902954,12.795378267765043,424.5849075913429,2047-06-01,New Delhi
28.186594545841217,57.55625605583191,12.795373797416685,424.5848935842514,2047-07-01,New Delhi
28.18659633398056,57.556270360946655,12.795369327068327,424.5848798751831,2047-08-01,New Delhi
28.186598122119904,57.5562846660614,12.795362174510954,424.5848646759987,2047-09-01,New Delhi
28.18660080432892,57.55629897117615,12.795357704162596,424.5848512649536,2047-10-01,New Delhi
28.18660169839859,57.556312084198,12.795353233814238,424.5848375558853,2047-11-01,New Delhi
28.18660259246826,57.556326389312744,12.795347869396208,424.5848247408867,2047-12-01,New Delhi
28.186603486537933,57.556337118148804,12.795344293117521,424.5848122239113,2048-01-01,New Delhi
28.186605274677277,57.55635142326355,12.795339822769163,424.5847997069359,2048-02-01,New Delhi
28.18660706281662,57.556363344192505,12.795334458351133,424.58478659391403,2048-03-01,New Delhi
28.186608850955963,57.55637764930725,12.795330882072447,424.5847746729851,2048-04-01,New Delhi
28.186609745025635,57.556387186050415,12.795326411724089,424.58476334810257,2048-05-01,New Delhi
28.186611533164978,57.556397914886475,12.795320153236387,424.58475202322006,2048-06-01,New Delhi
28.186611533164978,57.556411027908325,12.795317471027372,424.58474069833755,2048-07-01,New Delhi
28.186614215373993,57.55642056465149,12.795313000679014,424.58472967147827,2048-08-01,New Delhi
28.186615109443665,57.556432485580444,12.795306742191313,424.58471924066544,2048-09-01,New Delhi
28.186616003513336,57.55644083023071,12.79530495405197,424.5847085118294,2048-10-01,New Delhi
28.186616897583008,57.55644917488098,12.795302271842955,424.584698677063,2048-11-01,New Delhi
28.18661868572235,57.55646347999573,12.795298695564268,424.58468824625015,2048-12-01,New Delhi
28.18661779165268,57.5564706325531,12.795292437076567,424.58467841148376,2049-01-01,New Delhi
28.186619579792023,57.55647897720337,12.795290648937224,424.5846688747406,2049-02-01,New Delhi
28.186621367931366,57.55649209022522,12.795287966728209,424.5846599340439,2049-03-01,New Delhi
28.18662315607071,57.5564980506897,12.795284390449522,424.58465069532394,2049-04-01,New Delhi
28.186624944210052,57.55650997161865,12.795281708240507,424.5846417546272,2049-05-01,New Delhi
28.18662405014038,57.55651593208313,12.795279026031492,424.58463311195374,2049-06-01,New Delhi
28.186624944210052,57.556525468826294,12.795275449752806,424.58462446928024,2049-07-01,New Delhi
28.186627626419067,57.55653500556946,12.795270979404448,424.5846167206764,2049-08-01,New Delhi
28.186627626419067,57.55654454231262,12.795270085334776,424.5846077799797,2049-09-01,New Delhi
28.18662941455841,57.5565505027771,12.79526650905609,424.58459973335266,2049-10-01,New Delhi
28.18662941455841,57.55655646324158,12.795263826847075,424.58459228277206,2049-11-01,New Delhi
28.186630308628082,57.556564807891846,12.795258462429045,424.58458483219147,2049-12-01,New Delhi
28.186631202697754,57.55657434463501,12.79525578022003,424.58457708358765,2050-01-01,New Delhi
28.186632096767426,57.55658268928528,12.795253098011015,424.5845699310303,2050-02-01,New Delhi
28.186632096767426,57.55658507347107,12.795251309871672,424.5845624804497,2050-03-01,New Delhi
28.186632096767426,57.55659341812134,12.795248627662657,424.5845565199852,2050-04-01,New Delhi
28.18663388490677,57.55660057067871,12.795245945453642,424.5845493674278,2050-05-01,New Delhi
28.18663477897644,57.556607723236084,12.795244157314299,424.5845428109169,2050-06-01,New Delhi
28.18663477897644,57.55661368370056,12.795241475105284,424.584536254406,2050-07-01,New Delhi
28.186636567115784,57.556620836257935,12.79523968696594,424.5845302939415,2050-08-01,New Delhi
28.186638355255127,57.5566303730011,12.795237004756926,424.58452463150024,2050-09-01,New Delhi
28.186638355255127,57.556633949279785,12.79523432254791,424.5845180749893,2050-10-01,New Delhi
28.186638355255127,57.55663871765137,12.79523342847824,424.5845118165016,2050-11-01,New Delhi
28.1866392493248,57.556644678115845,12.795229852199553,424.5845067501068,2050-12-01,New Delhi
28.1866392493248,57.55665063858032,12.795228958129881,424.5845004916191,2051-01-01,New Delhi
28.1866392493248,57.55665421485901,12.795226275920866,424.58449453115463,2051-02-01,New Delhi
28.186641037464142,57.55666255950928,12.795224487781523,424.5844894647598,2051-03-01,New Delhi
28.186641931533813,57.55666732788086,12.795223593711851,424.58448469638824,2051-04-01,New Delhi
28.186641931533813,57.556670904159546,12.795220017433165,424.5844793319702,2051-05-01,New Delhi
28.186643719673157,57.556679248809814,12.79521733522415,424.58447456359863,2051-06-01,New Delhi
28.186642825603485,57.556681632995605,12.795216441154478,424.5844694972038,2051-07-01,New Delhi
28.186642825603485,57.55668640136719,12.79521733522415,424.58446502685547,2051-08-01,New Delhi
28.186643719673157,57.556692361831665,12.795213758945463,424.58445996046066,2051-09-01,New Delhi
28.18664461374283,57.55669713020325,12.79521197080612,424.58445578813553,2051-10-01,New Delhi
28.1866455078125,57.556700706481934,12.795209288597105,424.58445131778717,2051-11-01,New Delhi
28.1866455078125,57.55670666694641,12.795208394527434,424.5844468474388,2051-12-01,New Delhi
28.18664640188217,57.5567102432251,12.795207500457762,424.5844429731369,2052-01-01,New Delhi
28.186647295951843,57.55671262741089,12.795205712318419,424.5844379067421,2052-02-01,New Delhi
28.186647295951843,57.55671977996826,12.795204818248747,424.5844340324402,2052-03-01,New Delhi
28.186648190021515,57.55672216415405,12.795203924179075,424.58442986011505,2052-04-01,New Delhi
28.186648190021515,57.556724548339844,12.795203924179075,424.58442628383636,2052-05-01,New Delhi
28.186649084091187,57.55673050880432,12.795200347900389,424.58442240953445,2052-06-01,New Delhi
28.186648190021515,57.55673170089722,12.795199453830717,424.58441853523254,2052-07-01,New Delhi
28.186649084091187,57.5567352771759,12.795199453830717,424.5844152569771,2052-08-01,New Delhi
28.186649978160858,57.55674123764038,12.795196771621702,424.5844116806984,2052-09-01,New Delhi
28.18665087223053,57.55674600601196,12.795194089412687,424.5844081044197,2052-10-01,New Delhi
28.18665087223053,57.55674600601196,12.795191407203673,424.5844042301178,2052-11-01,New Delhi
28.1866517663002,57.556748390197754,12.795192301273344,424.58440095186234,2052-12-01,New Delhi
28.186652660369873,57.556753158569336,12.795190513134001,424.5843979716301,2053-01-01,New Delhi
28.1866517663002,57.55675792694092,12.795190513134001,424.58439499139786,2053-02-01,New Delhi
28.186652660369873,57.55675911903381,12.795188724994658,424.58439230918884,2053-03-01,New Delhi
28.186652660369873,57.5567626953125,12.795188724994658,424.58438843488693,2053-04-01,New Delhi
28.186653554439545,57.556763887405396,12.795186042785643,424.5843857526779,2053-05-01,New Delhi
28.186653554439545,57.55676746368408,12.795185148715971,424.58438247442245,2053-06-01,New Delhi
28.186653554439545,57.55677103996277,12.795183360576628,424.58437979221344,2053-07-01,New Delhi
28.186653554439545,57.55677580833435,12.795182466506956,424.5843771100044,2053-08-01,New Delhi
28.186652660369873,57.55677938461304,12.795180678367613,424.5843744277954,2053-09-01,New Delhi
28.186654448509216,57.55678176879883,12.795181572437285,424.58437144756317,2053-10-01,New Delhi
28.186655342578888,57.55678176879883,12.795180678367613,424.5843690633774,2053-11-01,New Delhi
28.186655342578888,57.55678415298462,12.795180678367613,424.58436608314514,2053-12-01,New Delhi
28.186655342578888,57.55678653717041,12.795177996158598,424.5843639969826,2054-01-01,New Delhi
28.186655342578888,57.55679368972778,12.795177996158598,424.58436131477356,2054-02-01,New Delhi
28.18665623664856,57.55679488182068,12.795177996158598,424.58435982465744,2054-03-01,New Delhi
28.18665713071823,57.556796073913574,12.795177102088926,424.5843571424484,2054-04-01,New Delhi
28.18665623664856,57.556796073913574,12.795175313949583,424.58435475826263,2054-05-01,New Delhi
28.18665713071823,57.556800842285156,12.795174419879912,424.5843520760536,2054-06-01,New Delhi
28.18665713071823,57.556800842285156,12.795171737670897,424.58434998989105,2054-07-01,New Delhi
28.18665713071823,57.55680203437805,12.795172631740568,424.5843482017517,2054-08-01,New Delhi
28.186658024787903,57.556806802749634,12.795171737670897,424.5843455195427,2054-09-01,New Delhi
28.18665713071823,57.556806802749634,12.795171737670897,424.5843440294266,2054-10-01,New Delhi
28.186658024787903,57.556809186935425,12.795170843601225,424.58434224128723,2054-11-01,New Delhi
28.186658024787903,57.55681037902832,12.795170843601225,424.58433985710144,2054-12-01,New Delhi
28.186659812927246,57.55681395530701,12.795169055461882,424.5843380689621,2055-01-01,New Delhi
28.186658918857574,57.5568163394928,12.79516816139221,424.58433628082275,2055-02-01,New Delhi
28.186658024787903,57.5568151473999,12.795167267322539,424.5843341946602,2055-03-01,New Delhi
28.186658918857574,57.55681753158569,12.795167267322539,424.5843333005905,2055-04-01,New Delhi
28.186658918857574,57.556819915771484,12.795167267322539,424.5843309164047,2055-05-01,New Delhi
28.186659812927246,57.556824684143066,12.795165479183195,424.5843294262886,2055-06-01,New Delhi
28.186658918857574,57.55682110786438,12.795166373252867,424.58432763814926,2055-07-01,New Delhi
28.186659812927246,57.55682706832886,12.795166373252867,424.58432614803314,2055-08-01,New Delhi
28.186660706996918,57.55682826042175,12.795163691043852,424.5843243598938,2055-09-01,New Delhi
28.18666160106659,57.55682826042175,12.795164585113524,424.5843228697777,2055-10-01,New Delhi
28.186660706996918,57.55682945251465,12.795165479183195,424.5843216776848,2055-11-01,New Delhi
28.18666160106659,57.556830644607544,12.79516279697418,424.58432018756866,2055-12-01,New Delhi
28.18666160106659,57.556835412979126,12.795163691043852,424.58431899547577,2056-01-01,New Delhi
28.18666160106659,57.556835412979126,12.795161902904509,424.5843172073364,2056-02-01,New Delhi
28.18666160106659,57.55683660507202,12.795160114765165,424.5843154191971,2056-03-01,New Delhi
28.18666160106659,57.55683779716492,12.795160114765165,424.5843145251274,2056-04-01,New Delhi
28.186660706996918,57.556835412979126,12.795161008834837,424.5843130350113,2056-05-01,New Delhi
28.18666160106659,57.55684018135071,12.795158326625822,424.5843121409416,2056-06-01,New Delhi
28.18666160106659,57.5568413734436,12.795159220695494,424.5843106508255,2056-07-01,New Delhi
28.18666249513626,57.556843757629395,12.795159220695494,424.58430975675583,2056-08-01,New Delhi
28.18666160106659,57.5568425655365,12.79515743255615,424.5843079686165,2056-09-01,New Delhi
28.186663389205933,57.55684494972229,12.79515743255615,424.5843070745468,2056-10-01,New Delhi
28.18666249513626,57.55684852600098,12.795156538486479,424.58430618047714,2056-11-01,New Delhi
28.18666249513626,57.55684733390808,12.79515743255615,424.584304690361,2056-12-01,New Delhi
28.18666249513626,57.55684971809387,12.795156538486479,424.5843040943146,2057-01-01,New Delhi
28.18666160106659,57.55684971809387,12.795155644416807,424.58430260419846,2057-02-01,New Delhi
28.186663389205933,57.55685210227966,12.795154750347136,424.58430141210556,2057-03-01,New Delhi
28.186664283275604,57.55685210227966,12.795154750347136,424.5843008160591,2057-04-01,New Delhi
28.18666249513626,57.55685210227966,12.795153856277464,424.58429992198944,2057-05-01,New Delhi
28.18666249513626,57.556854486465454,12.795154750347136,424.58429872989655,2057-06-01,New Delhi
28.18666249513626,57.55685210227966,12.795154750347136,424.5842978358269,2057-07-01,New Delhi
28.186663389205933,57.556854486465454,12.795156538486479,424.584296643734,2057-08-01,New Delhi
28.186664283275604,57.55685567855835,12.795153856277464,424.58429604768753,2057-09-01,New Delhi
28.18666249513626,57.55685806274414,12.795152962207792,424.5842954516411,2057-10-01,New Delhi
28.186664283275604,57.556856870651245,12.79515206813812,424.58429366350174,2057-11-01,New Delhi
28.186663389205933,57.55685806274414,12.795153856277464,424.5842930674553,2057-12-01,New Delhi
28.186665177345276,57.55686163902283,12.795152962207792,424.58429276943207,2058-01-01,New Delhi
28.186665177345276,57.55686402320862,12.79515206813812,424.58429247140884,2058-02-01,New Delhi
28.186664283275604,57.55686402320862,12.79515117406845,424.5842909812927,2058-03-01,New Delhi
28.186664283275604,57.55686402320862,12.79515117406845,424.5842906832695,2058-04-01,New Delhi
28.186665177345276,57.55686402320862,12.79515206813812,424.58428978919983,2058-05-01,New Delhi
28.186666071414948,57.55686640739441,12.79515206813812,424.5842882990837,2058-06-01,New Delhi
28.186666071414948,57.556867599487305,12.795150279998778,424.5842880010605,2058-07-01,New Delhi
28.186664283275604,57.55686640739441,12.795150279998778,424.5842871069908,2058-08-01,New Delhi
28.186664283275604,57.55686640739441,12.795149385929106,424.58428651094437,2058-09-01,New Delhi
28.186664283275604,57.55686640739441,12.795150279998778,424.5842859148979,2058-10-01,New Delhi
28.186664283275604,57.5568687915802,12.79515117406845,424.58428531885147,2058-11-01,New Delhi
28.186665177345276,57.5568687915802,12.79515117406845,424.584284722805,2058-12-01,New Delhi
28.186665177345276,57.556869983673096,12.795147597789763,424.58428382873535,2059-01-01,New Delhi
28.186666071414948,57.55687117576599,12.795148491859434,424.5842835307121,2059-02-01,New Delhi
28.186665177345276,57.55687117576599,12.795147597789763,424.5842829346657,2059-03-01,New Delhi
28.186665177345276,57.55687236785889,12.795148491859434,424.58428263664246,2059-04-01,New Delhi
28.186665177345276,57.55687355995178,12.795149385929106,424.584282040596,2059-05-01,New Delhi
28.186665177345276,57.55687355995178,12.795147597789763,424.5842817425728,2059-06-01,New Delhi
28.186665177345276,57.55687355995178,12.795147597789763,424.58428114652634,2059-07-01,New Delhi
28.186666071414948,57.55687355995178,12.795146703720091,424.58428025245667,2059-08-01,New Delhi
28.186666071414948,57.55687475204468,12.795149385929106,424.5842796564102,2059-09-01,New Delhi
28.186666071414948,57.55687594413757,12.795147597789763,424.58427906036377,2059-10-01,New Delhi
28.186666071414948,57.55687594413757,12.795146703720091,424.58427876234055,2059-11-01,New Delhi
28.186665177345276,57.55687475204468,12.795147597789763,424.5842781662941,2059-12-01,New Delhi
28.186666071414948,57.55687594413757,12.795147597789763,424.5842778682709,2060-01-01,New Delhi
28.186666071414948,57.55687713623047,12.795147597789763,424.58427757024765,2060-02-01,New Delhi
28.186666071414948,57.556878328323364,12.795146703720091,424.58427757024765,2060-03-01,New Delhi
28.18666696548462,57.55687952041626,12.79514580965042,424.584276676178,2060-04-01,New Delhi
28.186666071414948,57.556878328323364,12.79514580965042,424.5842757821083,2060-05-01,New Delhi
28.186666071414948,57.556878328323364,12.795146703720091,424.5842757821083,2060-06-01,New Delhi
28.18666696548462,57.556880712509155,12.79514580965042,424.5842754840851,2060-07-01,New Delhi
28.186666071414948,57.556880712509155,12.795144915580748,424.5842745900154,2060-08-01,New Delhi
28.18666696548462,57.55687952041626,12.795144915580748,424.5842742919922,2060-09-01,New Delhi
28.186666071414948,57.55687952041626,12.795146703720091,424.58427369594574,2060-10-01,New Delhi
28.186666071414948,57.55687952041626,12.795147597789763,424.58427399396896,2060-11-01,New Delhi
28.18666696548462,57.556883096694946,12.79514580965042,424.58427369594574,2060-12-01,New Delhi
28.186666071414948,57.556883096694946,12.79514580965042,424.5842733979225,2061-01-01,New Delhi
28.18666785955429,57.556883096694946,12.795144915580748,424.5842730998993,2061-02-01,New Delhi
28.18666696548462,57.55688428878784,12.79514580965042,424.58427250385284,2061-03-01,New Delhi
28.18666696548462,57.55688190460205,12.79514580965042,424.5842719078064,2061-04-01,New Delhi
28.18666696548462,57.556883096694946,12.79514580965042,424.5842716097832,2061-05-01,New Delhi
28.18666785955429,57.55688428878784,12.79514580965042,424.58427131175995,2061-06-01,New Delhi
28.18666696548462,57.556883096694946,12.795144915580748,424.5842707157135,2061-07-01,New Delhi
28.18666696548462,57.55688428878784,12.795144915580748,424.5842704176903,2061-08-01,New Delhi
28.18666696548462,57.55688548088074,12.795147597789763,424.58427011966705,2061-09-01,New Delhi
28.18666696548462,57.55688548088074,12.79514580965042,424.58427011966705,2061-10-01,New Delhi
28.186666071414948,57.55688548088074,12.79514580965042,424.58427011966705,2061-11-01,New Delhi
28.18666696548462,57.55688548088074,12.795144915580748,424.5842695236206,2061-12-01,New Delhi
28.18666696548462,57.55688667297363,12.795144915580748,424.5842692255974,2062-01-01,New Delhi
28.18666696548462,57.55688786506653,12.795144915580748,424.5842692255974,2062-02-01,New Delhi
28.18666696548462,57.55688667297363,12.795144021511076,424.58426862955093,2062-03-01,New Delhi
28.186666071414948,57.55688667297363,12.795144915580748,424.58426862955093,2062-04-01,New Delhi
28.186666071414948,57.55688667297363,12.795143127441404,424.5842680335045,2062-05-01,New Delhi
28.186666071414948,57.55688667297363,12.795144915580748,424.58426743745804,2062-06-01,New Delhi
28.18666696548462,57.55688786506653,12.795144915580748,424.58426743745804,2062-07-01,New Delhi
28.18666696548462,57.556889057159424,12.795144021511076,424.5842668414116,2062-08-01,New Delhi
28.18666785955429,57.556889057159424,12.795144021511076,424.58426654338837,2062-09-01,New Delhi
28.18666785955429,57.55688667297363,12.795143127441404,424.58426624536514,2062-10-01,New Delhi
28.18666696548462,57.55688667297363,12.795142233371733,424.58426624536514,2062-11-01,New Delhi
28.18666696548462,57.55688667297363,12.795141339302061,424.5842659473419,2062-12-01,New Delhi
28.18666696548462,57.55688786506653,12.795142233371733,424.5842656493187,2063-01-01,New Delhi
28.18666696548462,57.556889057159424,12.795142233371733,424.58426535129547,2063-02-01,New Delhi
28.18666696548462,57.556889057159424,12.795143127441404,424.58426535129547,2063-03-01,New Delhi
28.18666785955429,57.55688786506653,12.795142233371733,424.58426535129547,2063-04-01,New Delhi
28.18666696548462,57.55689024925232,12.795142233371733,424.58426535129547,2063-05-01,New Delhi
28.18666696548462,57.55688786506653,12.795142233371733,424.58426505327225,2063-06-01,New Delhi
28.18666696548462,57.556889057159424,12.795141339302061,424.5842644572258,2063-07-01,New Delhi
28.18666696548462,57.556889057159424,12.795141339302061,424.5842644572258,2063-08-01,New Delhi
28.18666696548462,57.55688786506653,12.795141339302061,424.5842644572258,2063-09-01,New Delhi
28.18666696548462,57.556889057159424,12.795141339302061,424.5842644572258,2063-10-01,New Delhi
28.18666696548462,57.556889057159424,12.795142233371733,424.5842641592026,2063-11-01,New Delhi
28.18666696548462,57.55689024925232,12.795141339302061,424.58426386117935,2063-12-01,New Delhi
28.18666696548462,57.556891441345215,12.795141339302061,424.5842635631561,2064-01-01,New Delhi
28.18666696548462,57.556891441345215,12.795141339302061,424.5842635631561,2064-02-01,New Delhi
28.18666696548462,57.556891441345215,12.795142233371733,424.58426386117935,2064-03-01,New Delhi
28.18666785955429,57.556891441345215,12.795142233371733,424.5842635631561,2064-04-01,New Delhi
28.18666785955429,57.55689263343811,12.795142233371733,424.5842632651329,2064-05-01,New Delhi
28.18666785955429,57.556891441345215,12.795142233371733,424.5842632651329,2064-06-01,New Delhi
28.186668753623962,57.556891441345215,12.79514044523239,424.5842632651329,2064-07-01,New Delhi
28.18666785955429,57.55689263343811,12.795142233371733,424.5842629671097,2064-08-01,New Delhi
28.18666785955429,57.55689263343811,12.795142233371733,424.5842629671097,2064-09-01,New Delhi
28.186668753623962,57.55689263343811,12.795142233371733,424.5842629671097,2064-10-01,New Delhi
28.18666785955429,57.556891441345215,12.795142233371733,424.5842629671097,2064-11-01,New Delhi
28.18666785955429,57.55689263343811,12.795141339302061,424.58426266908646,2064-12-01,New Delhi
28.18666785955429,57.55689263343811,12.795141339302061,424.58426266908646,2065-01-01,New Delhi
28.18666785955429,57.55689263343811,12.795141339302061,424.58426266908646,2065-02-01,New Delhi
28.18666785955429,57.556891441345215,12.795141339302061,424.58426237106323,2065-03-01,New Delhi
28.18666785955429,57.556891441345215,12.795142233371733,424.58426237106323,2065-04-01,New Delhi
28.18666785955429,57.556891441345215,12.795141339302061,424.58426207304,2065-05-01,New Delhi
28.18666785955429,57.55689263343811,12.795141339302061,424.58426237106323,2065-06-01,New Delhi
28.18666785955429,57.556891441345215,12.795141339302061,424.58426207304,2065-07-01,New Delhi
28.18666785955429,57.55689263343811,12.795142233371733,424.5842617750168,2065-08-01,New Delhi
28.18666785955429,57.55689263343811,12.795141339302061,424.58426237106323,2065-09-01,New Delhi
28.18666785955429,57.55689263343811,12.795142233371733,424.58426207304,2065-10-01,New Delhi
28.18666785955429,57.556891441345215,12.79514044523239,424.58426147699356,2065-11-01,New Delhi
28.18666785955429,57.55689263343811,12.79514044523239,424.58426147699356,2065-12-01,New Delhi
28.18666785955429,57.556893825531006,12.79514044523239,424.58426117897034,2066-01-01,New Delhi
28.18666785955429,57.556891441345215,12.795141339302061,424.58426117897034,2066-02-01,New Delhi
28.18666785955429,57.55689263343811,12.79514044523239,424.58426117897034,2066-03-01,New Delhi
28.18666785955429,57.556893825531006,12.795139551162718,424.58426117897034,2066-04-01,New Delhi
28.18666696548462,57.556893825531006,12.795139551162718,424.58426117897034,2066-05-01,New Delhi
28.186668753623962,57.5568950176239,12.795139551162718,424.58426117897034,2066-06-01,New Delhi
28.18666785955429,57.5568950176239,12.79514044523239,424.58426117897034,2066-07-01,New Delhi
28.18666785955429,57.556893825531006,12.79514044523239,424.58426028490067,2066-08-01,New Delhi
28.18666785955429,57.556893825531006,12.79514044523239,424.5842605829239,2066-09-01,New Delhi
28.18666785955429,57.5568950176239,12.795141339302061,424.5842608809471,2066-10-01,New Delhi
28.18666785955429,57.556893825531006,12.795141339302061,424.5842605829239,2066-11-01,New Delhi
28.186668753623962,57.5568950176239,12.79514044523239,424.58426028490067,2066-12-01,New Delhi
28.18666785955429,57.556893825531006,12.79514044523239,424.58426028490067,2067-01-01,New Delhi
28.18666785955429,57.556893825531006,12.79514044523239,424.58426028490067,2067-02-01,New Delhi
28.18666696548462,57.556893825531006,12.795141339302061,424.58425998687744,2067-03-01,New Delhi
28.18666696548462,57.55689263343811,12.795142233371733,424.58426028490067,2067-04-01,New Delhi
28.18666785955429,57.556893825531006,12.795141339302061,424.5842596888542,2067-05-01,New Delhi
28.18666785955429,57.556893825531006,12.795141339302061,424.58425998687744,2067-06-01,New Delhi
28.18666785955429,57.55689263343811,12.795141339302061,424.5842596888542,2067-07-01,New Delhi
28.18666785955429,57.55689263343811,12.795141339302061,424.58425909280777,2067-08-01,New Delhi
28.18666785955429,57.5568950176239,12.795141339302061,424.58425909280777,2067-09-01,New Delhi
28.18666785955429,57.5568950176239,12.795141339302061,424.58425909280777,2067-10-01,New Delhi
28.18666785955429,57.5568950176239,12.795141339302061,424.58425879478455,2067-11-01,New Delhi
28.18666785955429,57.5568950176239,12.795141339302061,424.58425879478455,2067-12-01,New Delhi
28.186668753623962,57.5568962097168,12.795141339302061,424.58425879478455,2068-01-01,New Delhi
28.18666696548462,57.556893825531006,12.795142233371733,424.5842584967613,2068-02-01,New Delhi
28.18666785955429,57.556893825531006,12.795141339302061,424.5842584967613,2068-03-01,New Delhi
28.186668753623962,57.556893825531006,12.795142233371733,424.5842584967613,2068-04-01,New Delhi
28.186668753623962,57.556893825531006,12.79514044523239,424.5842584967613,2068-05-01,New Delhi
28.186668753623962,57.55689263343811,12.79514044523239,424.5842584967613,2068-06-01,New Delhi
28.18666785955429,57.55689263343811,12.795139551162718,424.5842581987381,2068-07-01,New Delhi
28.18666785955429,57.55689263343811,12.795141339302061,424.5842581987381,2068-08-01,New Delhi
28.18666785955429,57.556893825531006,12.795139551162718,424.5842581987381,2068-09-01,New Delhi
28.186668753623962,57.55689263343811,12.79514044523239,424.5842581987381,2068-10-01,New Delhi
28.186668753623962,57.55689263343811,12.795139551162718,424.5842579007149,2068-11-01,New Delhi
28.18666785955429,57.556893825531006,12.79514044523239,424.5842581987381,2068-12-01,New Delhi
28.186668753623962,57.5568962097168,12.79514044523239,424.5842581987381,2069-01-01,New Delhi
28.186668753623962,57.556893825531006,12.79514044523239,424.5842581987381,2069-02-01,New Delhi
28.186668753623962,57.556893825531006,12.79514044523239,424.5842579007149,2069-03-01,New Delhi
28.186668753623962,57.556893825531006,12.79514044523239,424.5842579007149,2069-04-01,New Delhi
28.186668753623962,57.556893825531006,12.79514044523239,424.5842579007149,2069-05-01,New Delhi
28.18666785955429,57.556893825531006,12.79514044523239,424.5842579007149,2069-06-01,New Delhi
28.18666785955429,57.556893825531006,12.79514044523239,424.5842579007149,2069-07-01,New Delhi
28.18666785955429,57.556893825531006,12.79514044523239,424.5842579007149,2069-08-01,New Delhi
28.186668753623962,57.5568950176239,12.79514044523239,424.58425760269165,2069-09-01,New Delhi
28.186668753623962,57.55689263343811,12.795139551162718,424.5842579007149,2069-10-01,New Delhi
28.186668753623962,57.5568950176239,12.79514044523239,424.5842579007149,2069-11-01,New Delhi
28.186668753623962,57.556893825531006,12.795141339302061,424.58425760269165,2069-12-01,New Delhi
28.18666785955429,57.55689263343811,12.795139551162718,424.5842579007149,2070-01-01,New Delhi
28.186668753623962,57.5568950176239,12.795139551162718,424.58425760269165,2070-02-01,New Delhi
28.18666785955429,57.5568950176239,12.795141339302061,424.5842579007149,2070-03-01,New Delhi
28.186668753623962,57.5568950176239,12.79514044523239,424.5842579007149,2070-04-01,New Delhi
28.18666785955429,57.5568950176239,12.795138657093046,424.58425760269165,2070-05-01,New Delhi
28.186668753623962,57.556893825531006,12.795138657093046,424.5842579007149,2070-06-01,New Delhi
28.186668753623962,57.5568962097168,12.795139551162718,424.58425760269165,2070-07-01,New Delhi
28.18666785955429,57.556893825531006,12.795138657093046,424.5842579007149,2070-08-01,New Delhi
28.18666785955429,57.5568950176239,12.795139551162718,424.5842579007149,2070-09-01,New Delhi
28.186668753623962,57.556893825531006,12.795141339302061,424.58425760269165,2070-10-01,New Delhi
28.186668753623962,57.5568950176239,12.79514044523239,424.58425760269165,2070-11-01,New Delhi
28.18666785955429,57.5568950176239,12.795139551162718,424.5842579007149,2070-12-01,New Delhi
28.18666785955429,57.556893825531006,12.79514044523239,424.5842579007149,2071-01-01,New Delhi
28.18666785955429,57.5568950176239,12.79514044523239,424.58425760269165,2071-02-01,New Delhi
28.18666696548462,57.5568950176239,12.79514044523239,424.58425760269165,2071-03-01,New Delhi
28.18666785955429,57.55689263343811,12.795138657093046,424.58425760269165,2071-04-01,New Delhi
28.186668753623962,57.5568950176239,12.795139551162718,424.5842573046684,2071-05-01,New Delhi
28.18666785955429,57.5568950176239,12.795139551162718,424.58425760269165,2071-06-01,New Delhi
28.18666785955429,57.5568950176239,12.795139551162718,424.5842579007149,2071-07-01,New Delhi
28.18666696548462,57.556893825531006,12.795139551162718,424.5842579007149,2071-08-01,New Delhi
28.186668753623962,57.5568962097168,12.795139551162718,424.5842573046684,2071-09-01,New Delhi
28.18666785955429,57.5568950176239,12.79514044523239,424.58425760269165,2071-10-01,New Delhi
28.18666785955429,57.5568962097168,12.795139551162718,424.58425760269165,2071-11-01,New Delhi
28.18666785955429,57.5568962097168,12.79514044523239,424.58425760269165,2071-12-01,New Delhi
28.186668753623962,57.5568950176239,12.795139551162718,424.58425760269165,2072-01-01,New Delhi
28.18666785955429,57.5568950176239,12.795139551162718,424.58425760269165,2072-02-01,New Delhi
28.18666785955429,57.5568950176239,12.79514044523239,424.5842573046684,2072-03-01,New Delhi
28.18666785955429,57.5568950176239,12.795139551162718,424.5842579007149,2072-04-01,New Delhi
28.18666785955429,57.5568962097168,12.795139551162718,424.5842573046684,2072-05-01,New Delhi
28.18666785955429,57.5568950176239,12.795139551162718,424.58425760269165,2072-06-01,New Delhi
28.18666785955429,57.5568950176239,12.795139551162718,424.58425760269165,2072-07-01,New Delhi
28.18666785955429,57.5568950176239,12.79514044523239,424.58425760269165,2072-08-01,New Delhi
28.18666785955429,57.5568950176239,12.795139551162718,424.58425760269165,2072-09-01,New Delhi
28.18666785955429,57.5568950176239,12.79514044523239,424.58425760269165,2072-10-01,New Delhi
28.18666785955429,57.5568950176239,12.795139551162718,424.58425760269165,2072-11-01,New Delhi
28.18666785955429,57.556893825531006,12.795139551162718,424.58425760269165,2072-12-01,New Delhi
28.18666785955429,57.5568950176239,12.795139551162718,424.58425760269165,2073-01-01,New Delhi
28.18666785955429,57.5568950176239,12.79514044523239,424.58425760269165,2073-02-01,New Delhi
28.18666785955429,57.5568962097168,12.795139551162718,424.5842573046684,2073-03-01,New Delhi
28.18666785955429,57.5568950176239,12.795139551162718,424.58425760269165,2073-04-01,New Delhi
28.18666785955429,57.5568950176239,12.795139551162718,424.58425760269165,2073-05-01,New Delhi
28.186668753623962,57.5568962097168,12.79514044523239,424.5842573046684,2073-06-01,New Delhi
28.186668753623962,57.5568962097168,12.795139551162718,424.5842573046684,2073-07-01,New Delhi
28.18666785955429,57.5568962097168,12.795139551162718,424.58425760269165,2073-08-01,New Delhi
28.186668753623962,57.5568950176239,12.795139551162718,424.5842573046684,2073-09-01,New Delhi
28.18666785955429,57.5568950176239,12.795139551162718,424.58425760269165,2073-10-01,New Delhi
28.186668753623962,57.5568962097168,12.795139551162718,424.5842573046684,2073-11-01,New Delhi
28.18666785955429,57.5568950176239,12.795139551162718,424.5842573046684,2073-12-01,New Delhi
28.18666785955429,57.5568962097168,12.795139551162718,424.5842573046684,2074-01-01,New Delhi
28.18666785955429,57.5568950176239,12.795139551162718,424.5842573046684,2074-02-01,New Delhi
28.18666785955429,57.5568962097168,12.795139551162718,424.5842573046684,2074-03-01,New Delhi
28.18666785955429,57.5568962097168,12.79514044523239,424.5842573046684,2074-04-01,New Delhi
28.18666785955429,57.5568950176239,12.795139551162718,424.5842573046684,2074-05-01,New Delhi
28.18666785955429,57.5568962097168,12.79514044523239,424.5842573046684,2074-06-01,New Delhi
28.18666785955429,57.5568962097168,12.795139551162718,424.5842573046684,2074-07-01,New Delhi
28.18666785955429,57.5568962097168,12.79514044523239,424.5842573046684,2074-08-01,New Delhi
28.18666785955429,57.5568962097168,12.795139551162718,424.5842573046684,2074-09-01,New Delhi
28.186668753623962,57.5568962097168,12.795139551162718,424.5842573046684,2074-10-01,New Delhi
28.18666785955429,57.5568962097168,12.795139551162718,424.5842573046684,2074-11-01,New Delhi
28.18666785955429,57.5568962097168,12.795139551162718,424.5842573046684,2074-12-01,New Delhi
